player,event_date,description,days_before_last_start,last_start_number,z_score_vs_season,trailing3_vs_rest_p
Sandy Alcantara,2023-04-22,"Biceps tendinitis, missed 5 games",6,4,-0.22794511625650699,3.3096814036128992e-09
Sandy Alcantara,2023-09-04,"Forearm flexor strain, 15-day IL",1,28,0.3904092086863179,2.7596885617558422e-15
Sandy Alcantara,2023-10-02,"Season-ending, missed final 24 games",29,28,0.3904092086863179,2.7596885617558422e-15
Shane McClanahan,2023-08-03,"Left forearm tightness, pulled mid-start",1,21,-0.12749139097652062,0.011154161497658025
Shane McClanahan,2023-08-21,"60-day IL / Tommy John surgery, season-ending",19,21,-0.12749139097652062,0.011154161497658025
Nathan Eovaldi,2023-07-27,"Right forearm strain, 15-day IL",9,19,2.2913171380840285,5.134828692383764e-07
Cole Ragans,2025-06-08,"Rotator cuff strain, 15-day IL",3,10,0.6157270194914994,0.0018694728435951892
Cole Ragans,2025-07-08,Transferred to 60-day IL,33,10,0.6157270194914994,0.0018694728435951892
Cole Ragans,2025-09-17,"Season-ending, missed 87 games",104,10,0.6157270194914994,0.0018694728435951892
Cole Winn,2026-04-24,"Right arm fatigue, 15-day IL",2,12,-0.4370768170092045,0.06036042747349934
Cole Winn,2026-08-28,"Rotator cuff strain, 15-day IL",3,51,0.43476592152692134,4.951239047802284e-05
Cole Winn,2026-09-18,"60-day IL, season-ending",24,51,0.43476592152692134,4.951239047802284e-05
